{
  "waypoints": [
    [
      10.0,
      -4.0
    ],
    [
      10.0,
      -2.0
    ],
    [
      10.0,
      0.0
    ],
    [
      10.0,
      2.0
    ],
    [
      10.0,
      4.0
    ]
  ],
  "trajectory": [
    [
      10.0,
      -4.0
    ],
    [
      10.0,
      -3.8987341772151898
    ],
    [
      10.0,
      -3.7974683544303796
    ],
    [
      10.0,
      -3.6962025316455698
    ],
    [
      10.0,
      -3.5949367088607596
    ],
    [
      10.0,
      -3.4936708860759493
    ],
    [
      10.0,
      -3.392405063291139
    ],
    [
      10.0,
      -3.291139240506329
    ],
    [
      10.0,
      -3.189873417721519
    ],
    [
      10.0,
      -3.088607594936709
    ],
    [
      10.0,
      -2.9873417721518987
    ],
    [
      10.0,
      -2.886075949367089
    ],
    [
      10.0,
      -2.7848101265822782
    ],
    [
      10.0,
      -2.6835443037974684
    ],
    [
      10.0,
      -2.5822784810126582
    ],
    [
      10.0,
      -2.481012658227848
    ],
    [
      10.0,
      -2.379746835443038
    ],
    [
      10.0,
      -2.2784810126582276
    ],
    [
      10.0,
      -2.1772151898734178
    ],
    [
      10.0,
      -2.0759493670886076
    ],
    [
      10.0,
      -1.9746835443037973
    ],
    [
      10.0,
      -1.8734177215189876
    ],
    [
      10.0,
      -1.7721518987341773
    ],
    [
      10.0,
      -1.6708860759493671
    ],
    [
      10.0,
      -1.5696202531645569
    ],
    [
      10.0,
      -1.4683544303797467
    ],
    [
      10.0,
      -1.3670886075949369
    ],
    [
      10.0,
      -1.2658227848101267
    ],
    [
      10.0,
      -1.1645569620253164
    ],
    [
      10.0,
      -1.0632911392405062
    ],
    [
      10.0,
      -0.962025316455696
    ],
    [
      10.0,
      -0.8607594936708862
    ],
    [
      10.0,
      -0.759493670886076
    ],
    [
      10.0,
      -0.6582278481012658
    ],
    [
      10.0,
      -0.5569620253164556
    ],
    [
      10.0,
      -0.4556962025316458
    ],
    [
      10.0,
      -0.35443037974683556
    ],
    [
      10.0,
      -0.25316455696202533
    ],
    [
      10.0,
      -0.1518987341772151
    ],
    [
      10.0,
      -0.05063291139240489
    ],
    [
      10.0,
      0.05063291139240533
    ],
    [
      10.0,
      0.1518987341772151
    ],
    [
      10.0,
      0.2531645569620249
    ],
    [
      10.0,
      0.35443037974683556
    ],
    [
      10.0,
      0.45569620253164533
    ],
    [
      10.0,
      0.556962025316456
    ],
    [
      10.0,
      0.6582278481012658
    ],
    [
      10.0,
      0.7594936708860756
    ],
    [
      10.0,
      0.8607594936708862
    ],
    [
      10.0,
      0.962025316455696
    ],
    [
      10.0,
      1.0632911392405067
    ],
    [
      10.0,
      1.1645569620253164
    ],
    [
      10.0,
      1.2658227848101262
    ],
    [
      10.0,
      1.3670886075949369
    ],
    [
      10.0,
      1.4683544303797467
    ],
    [
      10.0,
      1.5696202531645573
    ],
    [
      10.0,
      1.6708860759493671
    ],
    [
      10.0,
      1.772151898734177
    ],
    [
      10.0,
      1.8734177215189876
    ],
    [
      10.0,
      1.9746835443037973
    ],
    [
      10.0,
      2.075949367088608
    ],
    [
      10.0,
      2.1772151898734178
    ],
    [
      10.0,
      2.2784810126582276
    ],
    [
      10.0,
      2.379746835443038
    ],
    [
      10.0,
      2.481012658227848
    ],
    [
      10.0,
      2.5822784810126587
    ],
    [
      10.0,
      2.6835443037974684
    ],
    [
      10.0,
      2.7848101265822782
    ],
    [
      10.0,
      2.886075949367089
    ],
    [
      10.0,
      2.9873417721518987
    ],
    [
      10.0,
      3.0886075949367084
    ],
    [
      10.0,
      3.189873417721519
    ],
    [
      10.0,
      3.291139240506329
    ],
    [
      10.0,
      3.3924050632911396
    ],
    [
      10.0,
      3.4936708860759493
    ],
    [
      10.0,
      3.594936708860759
    ],
    [
      10.0,
      3.6962025316455698
    ],
    [
      10.0,
      3.7974683544303796
    ],
    [
      10.0,
      3.89873417721519
    ],
    [
      10.0,
      4.0
    ]
  ],
  "total_length": 8.0,
  "colliding_samples": [],
  "gait": {
    "cycle_stride": 2.6,
    "step_length": 1.3,
    "n_steps": 6.153846153846153,
    "n_cycles": 3.0769230769230766,
    "anim_speed": 1.0,
    "char_speed": 1.5,
    "step_freq": 1.15,
    "n_video_frames": 80,
    "fps": 10.0,
    "video_duration": 8.0
  }
}